<env:Envelope xmlns:env="http://schemas.xmlsoap.org/soap/envelope/">
   <env:Body>
      <dp:response xmlns:dp="http://www.datapower.com/schemas/management">
         <dp:timestamp>2017-10-10T22:17:06-04:00</dp:timestamp>
         <dp:status>
            <LoadBalancerStatus xmlns:env="http://www.w3.org/2003/05/soap-envelope">
               <Group class="LoadBalancerGroup">LBG_Test2</Group>
               <Server>192.168.0.17</Server>
               <Port>9090</Port>
               <Health>up</Health>
            </LoadBalancerStatus>
            <LoadBalancerStatus xmlns:env="http://www.w3.org/2003/05/soap-envelope">
               <Group class="LoadBalancerGroup">Test_LBG1</Group>
               <Server>192.168.52.1</Server>
               <Port>14147</Port>
               <Health>up</Health>
            </LoadBalancerStatus>
         </dp:status>
      </dp:response>
   </env:Body>
</env:Envelope>