<?xml version="1.0" encoding="UTF-8"?>
<Exception>
	<Error>
		<Code>UpdateBillingAddress.053</Code>
		<Details>
			<HTTPStatusCode>202</HTTPStatusCode>
			<HTTPStatusMessage>Accepted</HTTPStatusMessage>
			<MessageCode>UserManagement.UpdateBillingAddress.</MessageCode>
			<MessageDescription></MessageDescription>
		</Details>
	</Error>
	<Error>
		<Code>UpdateBillingAddress.053</Code>
		<Details>
			<HTTPStatusCode>400</HTTPStatusCode>
			<HTTPStatusMessage>BadRequest</HTTPStatusMessage>
			<MessageCode>UserManagement.UpdateBillingAddress.InvalidAddress</MessageCode>
			<MessageDescription>The address you entered is invalid. Please try again. If you continue to have problems, please contact us at 800.477.4747.</MessageDescription>
		</Details>
	</Error>
	<Error>
		<Code>UpdateBillingAddress.053</Code>
		<Details>
			<HTTPStatusCode>400</HTTPStatusCode>
			<HTTPStatusMessage>BadRequest</HTTPStatusMessage>
			<MessageCode>UserManagement.UpdateBillingAddress.InvalidDate</MessageCode>
			<MessageDescription>The date you entered is invalid. Please try again. </MessageDescription>
		</Details>
	</Error>
	<Error>
		<Code>UpdateBillingAddress.207</Code>
		<Details>
			<HTTPStatusCode>400</HTTPStatusCode>
			<HTTPStatusMessage>BadRequest</HTTPStatusMessage>
			<MessageCode>UserManagement.UpdateBillingAddress.InvalidAddress</MessageCode>
			<MessageDescription>The address you entered is invalid. Please try again. If you continue to have problems, please contact us at 800.477.4747.</MessageDescription>
		</Details>
	</Error>
	<Error>
		<Code>UpdateBillingAddress.211</Code>
		<Details>
			<HTTPStatusCode>401</HTTPStatusCode>
			<HTTPStatusMessage>NotAuthorized</HTTPStatusMessage>
			<MessageCode>UserManagement.UpdateBillingAddress.SystemError</MessageCode>
			<MessageDescription>We are sorry, an internal error occurred in the system. Please sign in again. (DISPLAY LOGIN PAGE). </MessageDescription>
		</Details>
	</Error>
	<Error>
		<Code>UpdateBillingAddress.N/A</Code>
		<Details>
			<HTTPStatusCode>404</HTTPStatusCode>
			<HTTPStatusMessage>NotFound</HTTPStatusMessage>
			<MessageCode>UserManagement.UpdateBillingAddress.SystemError</MessageCode>
			<MessageDescription>We are sorry, an internal error occurred in the system. Please sign in again. (DISPLAY LOGIN PAGE). </MessageDescription>
		</Details>
	</Error>
	<Error>
		<Code>CheckUserExist.153</Code>
		<Details>
			<HTTPStatusCode>500</HTTPStatusCode>
			<HTTPStatusMessage>Internal Server Error</HTTPStatusMessage>
			<MessageCode>UserManagement.CheckUserExist.UserAlreadyExist</MessageCode>
			<MessageDescription>User already exist with this name</MessageDescription>
		</Details>
	</Error>
	<Error>
		<Code>CheckUserExist.154</Code>
		<Details>
			<HTTPStatusCode>500</HTTPStatusCode>
			<HTTPStatusMessage>Internal Server Error</HTTPStatusMessage>
			<MessageCode>UserManagement.CheckUserExist.UserExist</MessageCode>
			<MessageDescription>User exist</MessageDescription>
		</Details>
	</Error>
	<Error>
		<Code>ActivateUser.155</Code>
		<Details>
			<HTTPStatusCode>500</HTTPStatusCode>
			<HTTPStatusMessage>Internal Server Error</HTTPStatusMessage>
			<MessageCode>UserManagement.ActivateUser.InvalidUserName</MessageCode>
			<MessageDescription>Invalid user name</MessageDescription>
		</Details>
	</Error>
	<Error>
		<Code>ActivateUser.156</Code>
		<Details>
			<HTTPStatusCode>500</HTTPStatusCode>
			<HTTPStatusMessage>Internal Server Error</HTTPStatusMessage>
			<MessageCode>UserManagement.ActivateUser.UserNameAlreadyExist</MessageCode>
			<MessageDescription>User name already exist</MessageDescription>
		</Details>
	</Error>
	<Error>
		<Code>ActivateUser.157</Code>
		<Details>
			<HTTPStatusCode>500</HTTPStatusCode>
			<HTTPStatusMessage>Internal Server Error</HTTPStatusMessage>
			<MessageCode>UserManagement.ActivateUser.InvalidUserName</MessageCode>
			<MessageDescription>User name does not exist</MessageDescription>
		</Details>
	</Error>
	<Error>
		<Code>ActivateUser.158</Code>
		<Details>
			<HTTPStatusCode>500</HTTPStatusCode>
			<HTTPStatusMessage>Internal Server Error</HTTPStatusMessage>
			<MessageCode>UserManagement.ActivateUser.NoActiveAccount</MessageCode>
			<MessageDescription>There is no active user with  this account</MessageDescription>
		</Details>
	</Error>
	<Error>
		<Code>RegisterAccount.158</Code>
		<Details>
			<HTTPStatusCode>500</HTTPStatusCode>
			<HTTPStatusMessage>Internal Server Error</HTTPStatusMessage>
			<MessageCode>UserManagement.RegisterAccount.ExtractToken</MessageCode>
			<MessageDescription>Invalid token identifier</MessageDescription>
		</Details>
	</Error>
	<Error>
		<Code>RegisterAccount.159</Code>
		<Details>
			<HTTPStatusCode>500</HTTPStatusCode>
			<HTTPStatusMessage>Internal Server Error</HTTPStatusMessage>
			<MessageCode>UserManagement.RegisterAccount.InvalidID</MessageCode>
			<MessageDescription>Invalid user name or password</MessageDescription>
		</Details>
	</Error>
	<Error>
		<Code>RegisterAccount.160</Code>
		<Details>
			<HTTPStatusCode>500</HTTPStatusCode>
			<HTTPStatusMessage>Internal Server Error</HTTPStatusMessage>
			<MessageCode>UserManagement.RegisterAccount.NewUserNameCreated</MessageCode>
			<MessageDescription>New User name has been created</MessageDescription>
		</Details>
	</Error>
	<Error>
		<Code>RegisterAccount.161</Code>
		<Details>
			<HTTPStatusCode>500</HTTPStatusCode>
			<HTTPStatusMessage>Internal Server Error</HTTPStatusMessage>
			<MessageCode>UserManagement.RegisterAccount.UserNameHasNotbeenCreated</MessageCode>
			<MessageDescription>User name has not been created</MessageDescription>
		</Details>
	</Error>
	<Error>
		<Code>RegisterAccount.162</Code>
		<Details>
			<HTTPStatusCode>500</HTTPStatusCode>
			<HTTPStatusMessage>Internal Server Error</HTTPStatusMessage>
			<MessageCode>UserManagement.RegisterAccount.UserIDCreated</MessageCode>
			<MessageDescription>User ID has been created</MessageDescription>
		</Details>
	</Error>
	<Error>
		<Code>RegisterAccount.163</Code>
		<Details>
			<HTTPStatusCode>500</HTTPStatusCode>
			<HTTPStatusMessage>Internal Server Error</HTTPStatusMessage>
			<MessageCode>UserManagement.RegisterAccount.Preferred(Nick)NameUpdated</MessageCode>
			<MessageDescription>Preferred (Nick)name has been updated</MessageDescription>
		</Details>
	</Error>
	<Error>
		<Code>RegisterAccount.164</Code>
		<Details>
			<HTTPStatusCode>500</HTTPStatusCode>
			<HTTPStatusMessage>Internal Server Error</HTTPStatusMessage>
			<MessageCode>UserManagement.RegisterAccount.Preferred(Nick)NameNotUpdated</MessageCode>
			<MessageDescription>Preferred (Nick)name has not been updated</MessageDescription>
		</Details>
	</Error>
	<Error>
		<Code>RegisterAccount.165</Code>
		<Details>
			<HTTPStatusCode>500</HTTPStatusCode>
			<HTTPStatusMessage>Internal Server Error</HTTPStatusMessage>
			<MessageCode>UserManagement.RegisterAccount.ActivationLinkSent</MessageCode>
			<MessageDescription>Activation link has been emailed to the registered account</MessageDescription>
		</Details>
	</Error>
	<Error>
		<Code>RegisterAccount.166</Code>
		<Details>
			<HTTPStatusCode>500</HTTPStatusCode>
			<HTTPStatusMessage>Internal Server Error</HTTPStatusMessage>
			<MessageCode>UserManagement.RegisterAccount.NoActivationLinkSent</MessageCode>
			<MessageDescription>Failed to send activation link </MessageDescription>
		</Details>
	</Error>
	<Error>
		<Code>ActivateUser.167</Code>
		<Details>
			<HTTPStatusCode>500</HTTPStatusCode>
			<HTTPStatusMessage>Internal Server Error</HTTPStatusMessage>
			<MessageCode>UserManagement.ActivateUser.AccountActivated</MessageCode>
			<MessageDescription>Account has been activated</MessageDescription>
		</Details>
	</Error>
	<Error>
		<Code>ActivateUser.168</Code>
		<Details>
			<HTTPStatusCode>500</HTTPStatusCode>
			<HTTPStatusMessage>Internal Server Error</HTTPStatusMessage>
			<MessageCode>UserManagement.ActivateUser.InactiveAccount</MessageCode>
			<MessageDescription>Account has not been  activated</MessageDescription>
		</Details>
	</Error>
	<Error>
		<Code>ChangeEmail.173</Code>
		<Details>
			<HTTPStatusCode>500</HTTPStatusCode>
			<HTTPStatusMessage>Internal Server Error</HTTPStatusMessage>
			<MessageCode>UserManagement.ChangeEmail.InvalidUserName</MessageCode>
			<MessageDescription>User name does not exist</MessageDescription>
		</Details>
	</Error>
	<Error>
		<Code>ChangeEmail.174</Code>
		<Details>
			<HTTPStatusCode>500</HTTPStatusCode>
			<HTTPStatusMessage>Internal Server Error</HTTPStatusMessage>
			<MessageCode>UserManagement.ChangeEmail.InvalidAccount</MessageCode>
			<MessageDescription>There is no account associated with this name</MessageDescription>
		</Details>
	</Error>
	<Error>
		<Code>ChangeEmail.175</Code>
		<Details>
			<HTTPStatusCode>500</HTTPStatusCode>
			<HTTPStatusMessage>Internal Server Error</HTTPStatusMessage>
			<MessageCode>UserManagement.ChangeEmail.UserNameAlreadyExist</MessageCode>
			<MessageDescription>User  already exist with this ID</MessageDescription>
		</Details>
	</Error>
	<Error>
		<Code>ChangeEmail.176</Code>
		<Details>
			<HTTPStatusCode>500</HTTPStatusCode>
			<HTTPStatusMessage>Internal Server Error</HTTPStatusMessage>
			<MessageCode>UserManagement.ChangeEmail.DeactivatedUserName</MessageCode>
			<MessageDescription>User name has already been deactivated</MessageDescription>
		</Details>
	</Error>
	<Error>
		<Code>ChangeEmail.177</Code>
		<Details>
			<HTTPStatusCode>500</HTTPStatusCode>
			<HTTPStatusMessage>Internal Server Error</HTTPStatusMessage>
			<MessageCode>UserManagement.ChangeEmail.ActiveUserAccount</MessageCode>
			<MessageDescription>User name has not been deactivated</MessageDescription>
		</Details>
	</Error>
	<Error>
		<Code>ChangeEmail.178</Code>
		<Details>
			<HTTPStatusCode>500</HTTPStatusCode>
			<HTTPStatusMessage>Internal Server Error</HTTPStatusMessage>
			<MessageCode>UserManagement.ChangeEmail.InvalidUserName</MessageCode>
			<MessageDescription>User name already exist</MessageDescription>
		</Details>
	</Error>
	<Error>
		<Code>ChangeEmail.179</Code>
		<Details>
			<HTTPStatusCode>500</HTTPStatusCode>
			<HTTPStatusMessage>Internal Server Error</HTTPStatusMessage>
			<MessageCode>UserManagement.ChangeEmail.UserNameHasChanged</MessageCode>
			<MessageDescription>User name has already been changed</MessageDescription>
		</Details>
	</Error>
	<Error>
		<Code>ChangeEmail.180</Code>
		<Details>
			<HTTPStatusCode>500</HTTPStatusCode>
			<HTTPStatusMessage>Internal Server Error</HTTPStatusMessage>
			<MessageCode>UserManagement.ChangeEmail.UserNameCreated</MessageCode>
			<MessageDescription>New User name has already been created</MessageDescription>
		</Details>
	</Error>
	<Error>
		<Code>ChangeEmail.181</Code>
		<Details>
			<HTTPStatusCode>500</HTTPStatusCode>
			<HTTPStatusMessage>Internal Server Error</HTTPStatusMessage>
			<MessageCode>UserManagement.ChangeEmail.UserIdNotCreated</MessageCode>
			<MessageDescription>New User ID has not been created</MessageDescription>
		</Details>
	</Error>
	<Error>
		<Code>UpdateUser.264</Code>
		<Details>
			<HTTPStatusCode>500</HTTPStatusCode>
			<HTTPStatusMessage>Internal Server Error</HTTPStatusMessage>
			<MessageCode>UserManagement.UpdateUser.InvalidAccount</MessageCode>
			<MessageDescription>There is no account with this name</MessageDescription>
		</Details>
	</Error>
	<Error>
		<Code>GetContactInformation.</Code>
		<Details>
			<HTTPStatusCode>404</HTTPStatusCode>
			<HTTPStatusMessage>NotFound</HTTPStatusMessage>
			<MessageCode>UserManagement.GetContactInformation.InvalidAddress</MessageCode>
			<MessageDescription>The address you entered is invalid. Please try again. If you continue to have problems, please contact us at 800.477.4747.</MessageDescription>
		</Details>
	</Error>
	<Error>
		<Code>GetContactInformation.207</Code>
		<Details>
			<HTTPStatusCode>200</HTTPStatusCode>
			<HTTPStatusMessage>OK</HTTPStatusMessage>
			<MessageCode>UserManagement.GetContactInformation.</MessageCode>
			<MessageDescription></MessageDescription>
		</Details>
	</Error>
	<Error>
		<Code>GetContactInformation.211</Code>
		<Details>
			<HTTPStatusCode>401</HTTPStatusCode>
			<HTTPStatusMessage>NotAuthorized</HTTPStatusMessage>
			<MessageCode>UserManagement.GetContactInformation.InvalidEmailOrPassword</MessageCode>
			<MessageDescription>The email or password you entered is incorrect. Please try again.</MessageDescription>
		</Details>
	</Error>
	<Error>
		<Code>GetContactInformation.265</Code>
		<Details>
			<HTTPStatusCode>403</HTTPStatusCode>
			<HTTPStatusMessage>Forbidden</HTTPStatusMessage>
			<MessageCode>UserManagement.GetContactInformation.InvalidEmailOrPassword</MessageCode>
			<MessageDescription>The email or password you entered is incorrect. Please try again.</MessageDescription>
		</Details>
	</Error>
	<Error>
		<Code>GetContactInformation.N/A: Null </Code>
		<Details>
			<HTTPStatusCode>404</HTTPStatusCode>
			<HTTPStatusMessage>NotFound</HTTPStatusMessage>
			<MessageCode>UserManagement.GetContactInformation.NoBillingInformationFound</MessageCode>
			<MessageDescription>The email or password you entered is incorrect.</MessageDescription>
		</Details>
	</Error>
	<Error>
		<Code>GetContactInformation.</Code>
		<Details>
			<HTTPStatusCode>404</HTTPStatusCode>
			<HTTPStatusMessage>NotFound</HTTPStatusMessage>
			<MessageCode>UserManagement.GetContactInformation.NoBillingInformationFound</MessageCode>
			<MessageDescription>No billing information could be found.</MessageDescription>
		</Details>
	</Error>
	<Error>
		<Code>UpdateUser.207</Code>
		<Details>
			<HTTPStatusCode>200</HTTPStatusCode>
			<HTTPStatusMessage>OK</HTTPStatusMessage>
			<MessageCode>UserManagement.UpdateUser.MissingLastName</MessageCode>
			<MessageDescription></MessageDescription>
		</Details>
	</Error>
	<Error>
		<Code>UpdateUser.211</Code>
		<Details>
			<HTTPStatusCode>401</HTTPStatusCode>
			<HTTPStatusMessage>NotAuthorized</HTTPStatusMessage>
			<MessageCode>UserManagement.UpdateUser.InvalidEmailOrPassword</MessageCode>
			<MessageDescription>The email or password you entered is incorrect. Please try again.</MessageDescription>
		</Details>
	</Error>
	<Error>
		<Code>UpdateUser.</Code>
		<Details>
			<HTTPStatusCode>404</HTTPStatusCode>
			<HTTPStatusMessage>NotFound</HTTPStatusMessage>
			<MessageCode>UserManagement.UpdateUser.InvalidEmailOrPassword</MessageCode>
			<MessageDescription>The email or password you entered is incorrect. Please try again.</MessageDescription>
		</Details>
	</Error>
	<Error>
		<Code>UpdateUser.053</Code>
		<Details>
			<HTTPStatusCode>202</HTTPStatusCode>
			<HTTPStatusMessage>Accepted</HTTPStatusMessage>
			<MessageCode>UserManagement.UpdateUser.InvalidPreferredName</MessageCode>
			<MessageDescription></MessageDescription>
		</Details>
	</Error>
	<Error>
		<Code>UpdateUser.053</Code>
		<Details>
			<HTTPStatusCode>400</HTTPStatusCode>
			<HTTPStatusMessage>NotFound</HTTPStatusMessage>
			<MessageCode>UserManagement.UpdateUser.InvalidPreferredName</MessageCode>
			<MessageDescription>The preferred Name is missing or is invalid.</MessageDescription>
		</Details>
	</Error>
	<Error>
		<Code>UpdateUser.053</Code>
		<Details>
			<HTTPStatusCode>400</HTTPStatusCode>
			<HTTPStatusMessage>NotFound</HTTPStatusMessage>
			<MessageCode>UserManagement.UpdateUser.InvalidPhoneNumber</MessageCode>
			<MessageDescription>Phone number is invalid, please try again.</MessageDescription>
		</Details>
	</Error>
	<Error>
		<Code>UpdateUser.201</Code>
		<Details>
			<HTTPStatusCode>400</HTTPStatusCode>
			<HTTPStatusMessage>NotFound</HTTPStatusMessage>
			<MessageCode>UserManagement.UpdateUser.MissingTextEnabledPhone</MessageCode>
			<MessageDescription>Text enabled phone number is missing or invalid. </MessageDescription>
		</Details>
	</Error>
	<Error>
		<Code>UpdateUser.266</Code>
		<Details>
			<HTTPStatusCode>500</HTTPStatusCode>
			<HTTPStatusMessage>Internal Server Error</HTTPStatusMessage>
			<MessageCode>UserManagement.UpdateUser.InvalidUserName</MessageCode>
			<MessageDescription>The account is not associated with this user</MessageDescription>
		</Details>
	</Error>
	<Error>
		<Code>UpdateUser.263</Code>
		<Details>
			<HTTPStatusCode>500</HTTPStatusCode>
			<HTTPStatusMessage>Internal Server Error</HTTPStatusMessage>
			<MessageCode>UserManagement.UpdateUser.MissingRequiredField </MessageCode>
			<MessageDescription>Contact Account  is a required field.Please provide </MessageDescription>
		</Details>
	</Error>
	<Error>
		<Code>UpdateUser.262</Code>
		<Details>
			<HTTPStatusCode>500</HTTPStatusCode>
			<HTTPStatusMessage>Internal Server Error</HTTPStatusMessage>
			<MessageCode>UserManagement.UpdateUser.MissingRequiredField </MessageCode>
			<MessageDescription>User ID is a required field. Please Provide</MessageDescription>
		</Details>
	</Error>
	<Error>
		<Code>UpdateUser.264</Code>
		<Details>
			<HTTPStatusCode>500</HTTPStatusCode>
			<HTTPStatusMessage>Internal Server Error</HTTPStatusMessage>
			<MessageCode>UserManagement.UpdateUser.AccountNotFound</MessageCode>
			<MessageDescription>There is no account associated with this user ID</MessageDescription>
		</Details>
	</Error>
	<Error>
		<Code>UpdateUser.136</Code>
		<Details>
			<HTTPStatusCode>500</HTTPStatusCode>
			<HTTPStatusMessage>Internal Server Error</HTTPStatusMessage>
			<MessageCode>UserManagement.UpdateUser.RecordUpdated</MessageCode>
			<MessageDescription>User record updated successfully</MessageDescription>
		</Details>
	</Error>
	<Error>
		<Code>UpdateUser.53</Code>
		<Details>
			<HTTPStatusCode>500</HTTPStatusCode>
			<HTTPStatusMessage>Internal Server Error</HTTPStatusMessage>
			<MessageCode>UserManagement.UpdateUser.MissingRequiredFields </MessageCode>
			<MessageDescription>Please provide all required fields</MessageDescription>
		</Details>
	</Error>
	<Error>
		<Code>ChangePassword.151</Code>
		<Details>
			<HTTPStatusCode>500</HTTPStatusCode>
			<HTTPStatusMessage>Internal Server Error</HTTPStatusMessage>
			<MessageCode>UserManagement.ChangePassword.NotificationSuccess</MessageCode>
			<MessageDescription>Notification Success</MessageDescription>
		</Details>
	</Error>
	<Error>
		<Code>ChangePassword.152</Code>
		<Details>
			<HTTPStatusCode>500</HTTPStatusCode>
			<HTTPStatusMessage>Internal Server Error</HTTPStatusMessage>
			<MessageCode>UserManagement.ChangePassword.InternalSystemError</MessageCode>
			<MessageDescription>Internal System Error</MessageDescription>
		</Details>
	</Error>
	<Error>
		<Code>EoRebateStatus.500.SystemError.INVALID_CUSTOMER_IDN</Code>
		<Details>
			<HTTPStatusCode>500</HTTPStatusCode>
			<HTTPStatusMessage>Internal Server Error</HTTPStatusMessage>
			<MessageCode>UserManagement.EoRebateStatus.InvalidCustomer</MessageCode>
			<MessageDescription>Customer ID passed is invalid. Please try with different customer ID.</MessageDescription>
		</Details>
	</Error>
	<Error>
		<Code>EoRebateStatus.401.Unauthorized</Code>
		<Details>
			<HTTPStatusCode>500</HTTPStatusCode>
			<HTTPStatusMessage>Internal Server Error</HTTPStatusMessage>
			<MessageCode>UserManagement.EoRebateStatus.Authorization Required</MessageCode>
			<MessageDescription>The server could not verify that you are authorized to access the document requested. Please try with different customer ID.</MessageDescription>
		</Details>

	</Error>
	<Error>
		<Code>EoRebateStatus.500</Code>
		<Details>
			<HTTPStatusCode>500</HTTPStatusCode>
			<HTTPStatusMessage>Internal Server Error</HTTPStatusMessage>
			<MessageCode>UserManagement.EoRebateStatus.InternalServerError</MessageCode>
			<MessageDescription>The service is taking too long to process. Please try again later.</MessageDescription>
		</Details>

	</Error>
	<Error>
		<Code>EoRebateStatus.500.System Error.InternalServerError</Code>
		<Details>
			<HTTPStatusCode>500</HTTPStatusCode>
			<HTTPStatusMessage>Internal Server Error</HTTPStatusMessage>
			<MessageCode>UserManagement.EoRebateStatus.InternalServerError</MessageCode>
			<MessageDescription>The server is temporarily down. Please try again later.</MessageDescription>
		</Details>

	</Error>
</Exception>
