<?xml version="1.0" encoding="UTF-8"?>
<!-- 
	Name: ErrorMapping.xml
	
 -->
<Exception module="SelfServiceAuthErrorCodes">
	<Error>
		<Code>AuthenticateUser.InvalidPassword</Code>
		<Details>
			<HTTPStatusCode>401</HTTPStatusCode>
			<HTTPStatusMessage>Unauthorized</HTTPStatusMessage>
			<MessageCode>SelfServiceAuth.AuthenticateUser.InvalidCredentials</MessageCode>
			<MessageDescription>Password Entered doesn't match in the system. Please try with correct password</MessageDescription>
		</Details>
	</Error>
	<Error>
		<Code>AuthenticateUser.IDN_IDENTITY_NOT_FOUND_ERR</Code>
		<Details>
			<HTTPStatusCode>401</HTTPStatusCode>
			<HTTPStatusMessage>Unauthorized</HTTPStatusMessage>
			<MessageCode>SelfServiceAuth.AuthenticateUser.InvalidUserName</MessageCode>
			<MessageDescription>UserName doesn't exist in the system. Please try with correct UserName</MessageDescription>
		</Details>
	</Error>
	<Error>
		<Code>AuthenticateUser.NotAnActiveUser</Code>
		<Details>
			<HTTPStatusCode>401</HTTPStatusCode>
			<HTTPStatusMessage>Unauthorized</HTTPStatusMessage>
			<MessageCode>SelfServiceAuth.AuthenticateUser.NotActiveUser</MessageCode>
			<MessageDescription>User is not an active. Please click on the link provided in email. You can even try to resend an email</MessageDescription>
		</Details>
	</Error>
	<Error>
		<Code>ExtractUser.TokenDecryptionError</Code>
		<Details>
			<HTTPStatusCode>401</HTTPStatusCode>
			<HTTPStatusMessage>Unauthorized</HTTPStatusMessage>
			<MessageCode>SelfServiceAuth.ExtractUser.InvalidToken</MessageCode>
			<MessageDescription>Token sent is not a valid. Please correct the token and try again.</MessageDescription>
		</Details>
	</Error>
	<Error>
		<Code>ExtractUser.TokenExpiryError</Code>
		<Details>
			<HTTPStatusCode>401</HTTPStatusCode>
			<HTTPStatusMessage>Unauthorized</HTTPStatusMessage>
			<MessageCode>SelfServiceAuth.ExtractUser.ExpiredToken</MessageCode>
			<MessageDescription>Token sent is expired. Please correct the token and try again.</MessageDescription>
		</Details>
	</Error>	
	<Error>
		<Code>AuthenticateUser.ESB_SCHEMA_VALID_ERR</Code>
		<Details>
			<HTTPStatusCode>500</HTTPStatusCode>
			<HTTPStatusMessage>Internal Server Error</HTTPStatusMessage>
			<MessageCode>SelfServiceAuth.AuthenticateUser.SchemaValidationError</MessageCode>
			<MessageDescription>Schema error. Input passed or response received not as per contract. Please change the input values</MessageDescription>
		</Details>
	</Error>
	<Error>
		<Code>ESB_INTERNAL_SERVICE_ERR</Code>
		<Details>
			<HTTPStatusCode>500</HTTPStatusCode>
			<HTTPStatusMessage>Internal Server Error</HTTPStatusMessage>
			<MessageCode>SelfServiceAuth.AuthenticateUser.InternalError</MessageCode>
			<MessageDescription>Internal Error occurred in the system</MessageDescription>
		</Details>
	</Error>
</Exception>